searches,,,,,,,
medlife,,,,,,,
kaggle ,,,,,,,
Reliance Industries,,,,,,,
State Bank of India,,ï»¿,,,,,
Oil & Natural Gas,,,,,,,
HDFC Bank,,,,,,,
Indian Oil,,,,,,,
Tata Motors,,,,,,,
ICICI Bank,,,,,,,
HDFC,,,,,,,
Tata Consultancy Services,,,,,,,
NTPC,,,,,,,
Axis Bank,,,,,,,
Larsen & Toubro,,,,,,,
Bharti Airtel,,,,,,,
Coal India,,,,,,,
Bharat Petroleum,,,,,,,
Infosys,,,,,,,
Kotak Mahindra Bank,,,,,,,
Wipro,,,,,,,
ITC,,,,,,,
Hindustan Petroleum,,,,,,,
Power Grid of India,,,,,,,
Mahindra & Mahindra,,,,,,,
HCL Technologies,,,,,,,
Sun Pharma Industries,,,,,,,
Tata Steel,,,,,,,
Power Finance,,,,,,,
Bank of Baroda,,,,,,,
Punjab National Bank,,,,,,,
Hindalco Industries,,,,,,,
Canara Bank,,,,,,,
Rural Electrification,,,,,,,
Yes Bank,,,,,,,
Bank of India,,,,,,,
IndusInd Bank,,,,,,,
GAIL India,,,,,,,
JSW Steel,,,,,,,
Union Bank of India,,,,,,,
Bajaj Auto,,,,,,,
Adani Ports & Special Economic Zone,,,,,,,
IDBI Bank,,,,,,,
Rajesh Exports,,,,,,,
Hero Motocorp,,,,,,,
Grasim Industries,,,,,,,
Central Bank of India,,,,,,,
Lupin,,,,,,,
Syndicate Bank,,,,,,,
Asian Paints,,,,,,,
Indian Overseas Bank,,,,,,,
Allahabad Bank,,,,,,,
UCO Bank,,,,,,,
Corporation Bank,,,,,,,
Oriental Bank of Commerce,,,,,,,
Steel Authority of India,,,,,,,
Indiabulls Housing Finance,,,,,,,
Indian Bank,,,,,,,
Andhra Bank,,,,,,,
Motherson Sumi Systems,,,,,,,
Tech Mahindra,,,,,,,
,,,,,,,
,,,,,,,
,,,,,,,
